<?xml version="1.0" encoding="UTF-8"?>
<project-private xmlns="http://www.netbeans.org/ns/project-private/1">
    <editor-bookmarks xmlns="http://www.netbeans.org/ns/editor-bookmarks/2" lastBookmarkId="1">
        <file>
            <url>src/project/Login.java</url>
            <bookmark id="1">
                <name/>
                <line>168</line>
                <key/>
            </bookmark>
        </file>
    </editor-bookmarks>
    <open-files xmlns="http://www.netbeans.org/ns/projectui-open-files/2">
        <group>
            <file>file:/C:/Users/me/Documents/NetBeansProjects/Project/src/project/General.java</file>
            <file>file:/C:/Users/me/Documents/NetBeansProjects/Project/test/project/RegisterTest.java</file>
            <file>file:/C:/Users/me/Documents/NetBeansProjects/Project/test/project/LoginTest.java</file>
            <file>file:/C:/Users/me/Documents/NetBeansProjects/Project/test/project/FeeTest.java</file>
            <file>file:/C:/Users/me/Documents/NetBeansProjects/Project/src/project/Register.java</file>
            <file>file:/C:/Users/me/Documents/NetBeansProjects/Project/src/project/Login.java</file>
            <file>file:/C:/Users/me/Documents/NetBeansProjects/Project/src/project/Fee.java</file>
        </group>
    </open-files>
</project-private>
